0	CPED_CONFIG_FLAG_CreatedByFactory	
1	CPED_CONFIG_FLAG_CanBeShotInVehicle	
2	CPED_CONFIG_FLAG_NoCriticalHits	
3	CPED_CONFIG_FLAG_DrownsInWater	
4	CPED_CONFIG_FLAG_DrownsInSinkingVehicle	
5	CPED_CONFIG_FLAG_DiesInstantlyWhenSwimming	
6	CPED_CONFIG_FLAG_HasBulletProofVest	
7	CPED_CONFIG_FLAG_UpperBodyDamageAnimsOnly	
8	CPED_CONFIG_FLAG_NeverFallOffSkis	
9	CPED_CONFIG_FLAG_NeverEverTargetThisPed	
10	CPED_CONFIG_FLAG_ThisPedIsATargetPriority	
11	CPED_CONFIG_FLAG_TargettableWithNoLos	
12	CPED_CONFIG_FLAG_DoesntListenToPlayerGroupCommands	
13	CPED_CONFIG_FLAG_NeverLeavesGroup	
14	CPED_CONFIG_FLAG_DoesntDropWeaponsWhenDead	
15	CPED_CONFIG_FLAG_SetDelayedWeaponAsCurrent	
16	CPED_CONFIG_FLAG_KeepTasksAfterCleanUp	
17	CPED_CONFIG_FLAG_BlockNonTemporaryEvents	
18	CPED_CONFIG_FLAG_HasAScriptBrain	
19	CPED_CONFIG_FLAG_WaitingForScriptBrainToLoad	
20	CPED_CONFIG_FLAG_AllowMedicsToReviveMe	
21	CPED_CONFIG_FLAG_MoneyHasBeenGivenByScript	
22	CPED_CONFIG_FLAG_NotAllowedToCrouch	
23	CPED_CONFIG_FLAG_DeathPickupsPersist	
24	CPED_CONFIG_FLAG_IgnoreSeenMelee	
25	CPED_CONFIG_FLAG_ForceDieIfInjured	
26	CPED_CONFIG_FLAG_DontDragMeOutCar	
27	CPED_CONFIG_FLAG_StayInCarOnJack	
28	CPED_CONFIG_FLAG_ForceDieInCar	
29	CPED_CONFIG_FLAG_GetOutUndriveableVehicle	
30	CPED_CONFIG_FLAG_WillRemainOnBoatAfterMissionEnds	
31	CPED_CONFIG_FLAG_DontStoreAsPersistent	
32	CPED_CONFIG_FLAG_WillFlyThroughWindscreen	
33	CPED_CONFIG_FLAG_DieWhenRagdoll	
34	CPED_CONFIG_FLAG_HasHelmet	
35	CPED_CONFIG_FLAG_UseHelmet	
36	CPED_CONFIG_FLAG_DontTakeOffHelmet	
37	CPED_CONFIG_FLAG_HideInCutscene	
38	CPED_CONFIG_FLAG_PedIsEnemyToPlayer	
39	CPED_CONFIG_FLAG_DisableEvasiveDives	
40	CPED_CONFIG_FLAG_PedGeneratesDeadBodyEvents	
41	CPED_CONFIG_FLAG_DontAttackPlayerWithoutWantedLevel	
42	CPED_CONFIG_FLAG_DontInfluenceWantedLevel	
43	CPED_CONFIG_FLAG_DisablePlayerLockon	
44	CPED_CONFIG_FLAG_DisableLockonToRandomPeds	
45	CPED_CONFIG_FLAG_AllowLockonToFriendlyPlayers	
46	_0xDB115BFA	
47	CPED_CONFIG_FLAG_PedBeingDeleted	
48	CPED_CONFIG_FLAG_BlockWeaponSwitching	
49	CPED_CONFIG_FLAG_BlockGroupPedAimedAtResponse	
50	CPED_CONFIG_FLAG_WillFollowLeaderAnyMeans	
51	CPED_CONFIG_FLAG_BlippedByScript	
52	CPED_CONFIG_FLAG_DrawRadarVisualField	
53	CPED_CONFIG_FLAG_StopWeaponFiringOnImpact	
54	CPED_CONFIG_FLAG_DissableAutoFallOffTests	
55	CPED_CONFIG_FLAG_SteerAroundDeadBodies	
56	CPED_CONFIG_FLAG_ConstrainToNavMesh	
57	CPED_CONFIG_FLAG_SyncingAnimatedProps	
58	CPED_CONFIG_FLAG_IsFiring	
59	CPED_CONFIG_FLAG_WasFiring	
60	CPED_CONFIG_FLAG_IsStanding	
61	CPED_CONFIG_FLAG_WasStanding	
62	CPED_CONFIG_FLAG_InVehicle	
63	CPED_CONFIG_FLAG_OnMount	
64	CPED_CONFIG_FLAG_AttachedToVehicle	
65	CPED_CONFIG_FLAG_IsSwimming	
66	CPED_CONFIG_FLAG_WasSwimming	
67	CPED_CONFIG_FLAG_IsSkiing	
68	CPED_CONFIG_FLAG_IsSitting	
69	CPED_CONFIG_FLAG_KilledByStealth	
70	CPED_CONFIG_FLAG_KilledByTakedown	
71	CPED_CONFIG_FLAG_Knockedout	
72	CPED_CONFIG_FLAG_ClearRadarBlipOnDeath	
73	CPED_CONFIG_FLAG_JustGotOffTrain	
74	CPED_CONFIG_FLAG_JustGotOnTrain	
75	CPED_CONFIG_FLAG_UsingCoverPoint	
76	CPED_CONFIG_FLAG_IsInTheAir	
77	CPED_CONFIG_FLAG_KnockedUpIntoAir	
78	CPED_CONFIG_FLAG_IsAimingGun	
79	CPED_CONFIG_FLAG_HasJustLeftCar	
80	CPED_CONFIG_FLAG_TargetWhenInjuredAllowed	
81	CPED_CONFIG_FLAG_CurrLeftFootCollNM	
82	CPED_CONFIG_FLAG_PrevLeftFootCollNM	
83	CPED_CONFIG_FLAG_CurrRightFootCollNM	
84	CPED_CONFIG_FLAG_PrevRightFootCollNM	
85	CPED_CONFIG_FLAG_HasBeenBumpedInCar	
86	CPED_CONFIG_FLAG_InWaterTaskQuitToClimbLadder	
87	CPED_CONFIG_FLAG_NMTwoHandedWeaponBothHandsConstrained	
88	CPED_CONFIG_FLAG_CreatedBloodPoolTimer	
89	CPED_CONFIG_FLAG_DontActivateRagdollFromAnyPedImpact	
90	CPED_CONFIG_FLAG_GroupPedFailedToEnterCover	
91	CPED_CONFIG_FLAG_AlreadyChattedOnPhone	
92	CPED_CONFIG_FLAG_AlreadyReactedToPedOnRoof	
93	CPED_CONFIG_FLAG_ForcePedLoadCover	
94	CPED_CONFIG_FLAG_BlockCoweringInCover	
95	CPED_CONFIG_FLAG_BlockPeekingInCover	
96	CPED_CONFIG_FLAG_JustLeftCarNotCheckedForDoors	
97	CPED_CONFIG_FLAG_VaultFromCover	
98	CPED_CONFIG_FLAG_AutoConversationLookAts	
99	CPED_CONFIG_FLAG_UsingCrouchedPedCapsule	
100	CPED_CONFIG_FLAG_HasDeadPedBeenReported	
101	CPED_CONFIG_FLAG_ForcedAim	
102	CPED_CONFIG_FLAG_SteersAroundPeds	
103	CPED_CONFIG_FLAG_SteersAroundObjects	
104	CPED_CONFIG_FLAG_OpenDoorArmIK	
105	CPED_CONFIG_FLAG_ForceReload	
106	CPED_CONFIG_FLAG_DontActivateRagdollFromVehicleImpact	
107	CPED_CONFIG_FLAG_DontActivateRagdollFromBulletImpact	
108	CPED_CONFIG_FLAG_DontActivateRagdollFromExplosions	
109	CPED_CONFIG_FLAG_DontActivateRagdollFromFire	
110	CPED_CONFIG_FLAG_DontActivateRagdollFromElectrocution	
111	CPED_CONFIG_FLAG_IsBeingDraggedToSafety	
112	CPED_CONFIG_FLAG_HasBeenDraggedToSafety	
113	CPED_CONFIG_FLAG_KeepWeaponHolsteredUnlessFired	
114	CPED_CONFIG_FLAG_ForceScriptControlledKnockout	
115	CPED_CONFIG_FLAG_FallOutOfVehicleWhenKilled	
116	CPED_CONFIG_FLAG_GetOutBurningVehicle	
117	CPED_CONFIG_FLAG_BumpedByPlayer	
118	CPED_CONFIG_FLAG_RunFromFiresAndExplosions	
119	CPED_CONFIG_FLAG_TreatAsPlayerDuringTargeting	
120	CPED_CONFIG_FLAG_IsHandCuffed	
121	CPED_CONFIG_FLAG_IsAnkleCuffed	
122	CPED_CONFIG_FLAG_DisableMelee	
123	CPED_CONFIG_FLAG_DisableUnarmedDrivebys	
124	CPED_CONFIG_FLAG_JustGetsPulledOutWhenElectrocuted	
125	CPED_CONFIG_FLAG_UNUSED_REPLACE_ME	
126	CPED_CONFIG_FLAG_WillNotHotwireLawEnforcementVehicle	
127	CPED_CONFIG_FLAG_WillCommandeerRatherThanJack	
128	CPED_CONFIG_FLAG_CanBeAgitated	
129	CPED_CONFIG_FLAG_ForcePedToFaceLeftInCover	
130	CPED_CONFIG_FLAG_ForcePedToFaceRightInCover	
131	CPED_CONFIG_FLAG_BlockPedFromTurningInCover	
132	CPED_CONFIG_FLAG_KeepRelationshipGroupAfterCleanUp	
133	CPED_CONFIG_FLAG_ForcePedToBeDragged	
134	CPED_CONFIG_FLAG_PreventPedFromReactingToBeingJacked	
135	CPED_CONFIG_FLAG_IsScuba	
136	CPED_CONFIG_FLAG_WillArrestRatherThanJack	
137	CPED_CONFIG_FLAG_RemoveDeadExtraFarAway	
138	CPED_CONFIG_FLAG_RidingTrain	
139	CPED_CONFIG_FLAG_ArrestResult	
140	CPED_CONFIG_FLAG_CanAttackFriendly	
141	CPED_CONFIG_FLAG_WillJackAnyPlayer	
142	CPED_CONFIG_FLAG_BumpedByPlayerVehicle	
143	CPED_CONFIG_FLAG_DodgedPlayerVehicle	
144	CPED_CONFIG_FLAG_WillJackWantedPlayersRatherThanStealCar	
145	CPED_CONFIG_FLAG_NoCopWantedAggro	
146	CPED_CONFIG_FLAG_DisableLadderClimbing	
147	CPED_CONFIG_FLAG_StairsDetected	
148	CPED_CONFIG_FLAG_SlopeDetected	
149	CPED_CONFIG_FLAG_HelmetHasBeenShot	
150	CPED_CONFIG_FLAG_CowerInsteadOfFlee	
151	CPED_CONFIG_FLAG_CanActivateRagdollWhenVehicleUpsideDown	
152	CPED_CONFIG_FLAG_AlwaysRespondToCriesForHelp	
153	CPED_CONFIG_FLAG_DisableBloodPoolCreation	
154	CPED_CONFIG_FLAG_ShouldFixIfNoCollision	
155	CPED_CONFIG_FLAG_CanPerformArrest	
156	CPED_CONFIG_FLAG_CanPerformUncuff	
157	CPED_CONFIG_FLAG_CanBeArrested	
158	CPED_CONFIG_FLAG_MoverConstrictedByOpposingCollisions	
159	CPED_CONFIG_FLAG_PlayerPreferFrontSeatMP	
160	CPED_CONFIG_FLAG_DontActivateRagdollFromImpactObject	
161	CPED_CONFIG_FLAG_DontActivateRagdollFromMelee	
162	CPED_CONFIG_FLAG_DontActivateRagdollFromWaterJet	
163	CPED_CONFIG_FLAG_DontActivateRagdollFromDrowning	
164	CPED_CONFIG_FLAG_DontActivateRagdollFromFalling	
165	CPED_CONFIG_FLAG_DontActivateRagdollFromRubberBullet	
166	CPED_CONFIG_FLAG_IsInjured	
167	CPED_CONFIG_FLAG_DontEnterVehiclesInPlayersGroup	
168	CPED_CONFIG_FLAG_SwimmingTasksRunning	
169	CPED_CONFIG_FLAG_PreventAllMeleeTaunts	
170	CPED_CONFIG_FLAG_ForceDirectEntry	
171	CPED_CONFIG_FLAG_AlwaysSeeApproachingVehicles	
172	CPED_CONFIG_FLAG_CanDiveAwayFromApproachingVehicles	
173	CPED_CONFIG_FLAG_AllowPlayerToInterruptVehicleEntryExit	
174	CPED_CONFIG_FLAG_OnlyAttackLawIfPlayerIsWanted	
175	CPED_CONFIG_FLAG_PlayerInContactWithKinematicPed	
176	CPED_CONFIG_FLAG_PlayerInContactWithSomethingOtherThanKinematicPed	
177	CPED_CONFIG_FLAG_PedsJackingMeDontGetIn	
178	CPED_CONFIG_FLAG_AdditionalRappellingPed	
179	CPED_CONFIG_FLAG_PedIgnoresAnimInterruptEvents	
180	CPED_CONFIG_FLAG_IsInCustody	
181	CPED_CONFIG_FLAG_ForceStandardBumpReactionThresholds	
182	CPED_CONFIG_FLAG_LawWillOnlyAttackIfPlayerIsWanted	
183	CPED_CONFIG_FLAG_IsAgitated	
184	CPED_CONFIG_FLAG_PreventAutoShuffleToDriversSeat	
185	CPED_CONFIG_FLAG_UseKinematicModeWhenStationary	
186	CPED_CONFIG_FLAG_EnableWeaponBlocking	
187	CPED_CONFIG_FLAG_HasHurtStarted	
188	CPED_CONFIG_FLAG_DisableHurt	
189	CPED_CONFIG_FLAG_PlayerIsWeird	
190	CPED_CONFIG_FLAG_PedHadPhoneConversation	
191	CPED_CONFIG_FLAG_BeganCrossingRoad	
192	CPED_CONFIG_FLAG_WarpIntoLeadersVehicle	
193	CPED_CONFIG_FLAG_DoNothingWhenOnFootByDefault	
194	CPED_CONFIG_FLAG_UsingScenario	
195	CPED_CONFIG_FLAG_VisibleOnScreen	
196	CPED_CONFIG_FLAG_DontCollideWithKinematic	
197	CPED_CONFIG_FLAG_ActivateOnSwitchFromLowPhysicsLod	
198	CPED_CONFIG_FLAG_DontActivateRagdollOnPedCollisionWhenDead	
199	CPED_CONFIG_FLAG_DontActivateRagdollOnVehicleCollisionWhenDead	
200	CPED_CONFIG_FLAG_HasBeenInArmedCombat	
201	CPED_CONFIG_FLAG_UseDiminishingAmmoRate	
202	CPED_CONFIG_FLAG_Avoidance_Ignore_All	
203	CPED_CONFIG_FLAG_Avoidance_Ignored_by_All	
204	CPED_CONFIG_FLAG_Avoidance_Ignore_Group1	
205	CPED_CONFIG_FLAG_Avoidance_Member_of_Group1	
206	CPED_CONFIG_FLAG_ForcedToUseSpecificGroupSeatIndex	
207	CPED_CONFIG_FLAG_LowPhysicsLodMayPlaceOnNavMesh	
208	CPED_CONFIG_FLAG_DisableExplosionReactions	
209	CPED_CONFIG_FLAG_DodgedPlayer	
210	CPED_CONFIG_FLAG_WaitingForPlayerControlInterrupt	
211	CPED_CONFIG_FLAG_ForcedToStayInCover	
212	CPED_CONFIG_FLAG_GeneratesSoundEvents	
213	CPED_CONFIG_FLAG_ListensToSoundEvents	
214	CPED_CONFIG_FLAG_AllowToBeTargetedInAVehicle	
215	CPED_CONFIG_FLAG_WaitForDirectEntryPointToBeFreeWhenExiting	
216	CPED_CONFIG_FLAG_OnlyRequireOnePressToExitVehicle	
217	CPED_CONFIG_FLAG_ForceExitToSkyDive	
218	CPED_CONFIG_FLAG_SteersAroundVehicles	
219	CPED_CONFIG_FLAG_AllowPedInVehiclesOverrideTaskFlags	
220	CPED_CONFIG_FLAG_DontEnterLeadersVehicle	
221	CPED_CONFIG_FLAG_DisableExitToSkyDive	
222	CPED_CONFIG_FLAG_ScriptHasDisabledCollision	
223	CPED_CONFIG_FLAG_UseAmbientModelScaling	
224	CPED_CONFIG_FLAG_DontWatchFirstOnNextHurryAway	
225	CPED_CONFIG_FLAG_DisablePotentialToBeWalkedIntoResponse	
226	CPED_CONFIG_FLAG_DisablePedAvoidance	
227	CPED_CONFIG_FLAG_ForceRagdollUponDeath	
228	CPED_CONFIG_FLAG_CanLosePropsOnDamage	
229	CPED_CONFIG_FLAG_DisablePanicInVehicle	
230	CPED_CONFIG_FLAG_AllowedToDetachTrailer	
231	CPED_CONFIG_FLAG_HasShotBeenReactedToFromFront	
232	CPED_CONFIG_FLAG_HasShotBeenReactedToFromBack	
233	CPED_CONFIG_FLAG_HasShotBeenReactedToFromLeft	
234	CPED_CONFIG_FLAG_HasShotBeenReactedToFromRight	
235	CPED_CONFIG_FLAG_AllowBlockDeadPedRagdollActivation	
236	CPED_CONFIG_FLAG_IsHoldingProp	
237	CPED_CONFIG_FLAG_BlocksPathingWhenDead	
238	CPED_CONFIG_FLAG_ForcePlayNormalScenarioExitOnNextScriptCommand	
239	CPED_CONFIG_FLAG_ForcePlayImmediateScenarioExitOnNextScriptCommand	
240	CPED_CONFIG_FLAG_ForceSkinCharacterCloth	
241	CPED_CONFIG_FLAG_LeaveEngineOnWhenExitingVehicles	
242	CPED_CONFIG_FLAG_PhoneDisableTextingAnimations	
243	CPED_CONFIG_FLAG_PhoneDisableTalkingAnimations	
244	CPED_CONFIG_FLAG_PhoneDisableCameraAnimations	
245	CPED_CONFIG_FLAG_DisableBlindFiringInShotReactions	
246	CPED_CONFIG_FLAG_AllowNearbyCoverUsage	
247	CPED_CONFIG_FLAG_InStrafeTransition	
248	CPED_CONFIG_FLAG_CanPlayInCarIdles	
249	CPED_CONFIG_FLAG_CanAttackNonWantedPlayerAsLaw	
250	CPED_CONFIG_FLAG_WillTakeDamageWhenVehicleCrashes	
251	CPED_CONFIG_FLAG_AICanDrivePlayerAsRearPassenger	
252	CPED_CONFIG_FLAG_PlayerCanJackFriendlyPlayers	
253	CPED_CONFIG_FLAG_OnStairs	
254	CPED_CONFIG_FLAG_SimulatingAiming	
255	CPED_CONFIG_FLAG_AIDriverAllowFriendlyPassengerSeatEntry	
256	CPED_CONFIG_FLAG_ParentCarIsBeingRemoved	
257	CPED_CONFIG_FLAG_AllowMissionPedToUseInjuredMovement	
258	CPED_CONFIG_FLAG_CanLoseHelmetOnDamage	
259	CPED_CONFIG_FLAG_NeverDoScenarioExitProbeChecks	
260	CPED_CONFIG_FLAG_SuppressLowLODRagdollSwitchWhenCorpseSettles	
261	CPED_CONFIG_FLAG_PreventUsingLowerPrioritySeats	
262	CPED_CONFIG_FLAG_JustLeftVehicleNeedsReset	
263	CPED_CONFIG_FLAG_TeleportIfCantReachPlayer	
264	CPED_CONFIG_FLAG_PedsInVehiclePositionNeedsReset	
265	CPED_CONFIG_FLAG_PedsFullyInSeat	
266	CPED_CONFIG_FLAG_AllowPlayerLockOnIfFriendly	
267	CPED_CONFIG_FLAG_UseCameraHeadingForDesiredDirectionLockOnTest	
268	CPED_CONFIG_FLAG_TeleportToLeaderVehicle	
269	CPED_CONFIG_FLAG_Avoidance_Ignore_WeirdPedBuffer	
270	CPED_CONFIG_FLAG_OnStairSlope	
271	CPED_CONFIG_FLAG_HasPlayedNMGetup	
272	CPED_CONFIG_FLAG_DontBlipCop	
273	CPED_CONFIG_FLAG_SpawnedAtExtendedRangeScenario	
274	CPED_CONFIG_FLAG_WalkAlongsideLeaderWhenClose	
275	CPED_CONFIG_FLAG_KillWhenTrapped	
276	CPED_CONFIG_FLAG_EdgeDetected	
277	CPED_CONFIG_FLAG_AlwaysWakeUpPhysicsOfIntersectedPeds	
278	CPED_CONFIG_FLAG_EquippedAmbientLoadOutWeapon	
279	CPED_CONFIG_FLAG_AvoidTearGas	
280	CPED_CONFIG_FLAG_StoppedSpeechUponFreezing	
281	CPED_CONFIG_FLAG_DisableGoToWritheWhenInjured	
282	CPED_CONFIG_FLAG_OnlyUseForcedSeatWhenEnteringHeliInGroup	
283	CPED_CONFIG_FLAG_ThrownFromVehicleDueToExhaustion	
284	CPED_CONFIG_FLAG_UpdateEnclosedSearchRegion	
285	CPED_CONFIG_FLAG_DisableWeirdPedEvents	
286	CPED_CONFIG_FLAG_ShouldChargeNow	
287	CPED_CONFIG_FLAG_RagdollingOnBoat	
288	CPED_CONFIG_FLAG_HasBrandishedWeapon	
289	CPED_CONFIG_FLAG_AllowMinorReactionsAsMissionPed	
290	CPED_CONFIG_FLAG_BlockDeadBodyShockingEventsWhenDead	
291	CPED_CONFIG_FLAG_PedHasBeenSeen	
292	CPED_CONFIG_FLAG_PedIsInReusePool	
293	CPED_CONFIG_FLAG_PedWasReused	
294	CPED_CONFIG_FLAG_DisableShockingEvents	
295	CPED_CONFIG_FLAG_MovedUsingLowLodPhysicsSinceLastActive	
296	CPED_CONFIG_FLAG_NeverReactToPedOnRoof	
297	CPED_CONFIG_FLAG_ForcePlayFleeScenarioExitOnNextScriptCommand	
298	CPED_CONFIG_FLAG_JustBumpedIntoVehicle	
299	CPED_CONFIG_FLAG_DisableShockingDrivingOnPavementEvents	
300	CPED_CONFIG_FLAG_ShouldThrowSmokeNow	
301	CPED_CONFIG_FLAG_DisablePedConstraints	
302	CPED_CONFIG_FLAG_ForceInitialPeekInCover	
303	CPED_CONFIG_FLAG_CreatedByDispatch	
304	CPED_CONFIG_FLAG_PointGunLeftHandSupporting	
305	CPED_CONFIG_FLAG_DisableJumpingFromVehiclesAfterLeader	
306	CPED_CONFIG_FLAG_DontActivateRagdollFromPlayerPedImpact	
307	CPED_CONFIG_FLAG_DontActivateRagdollFromAiRagdollImpact	
308	CPED_CONFIG_FLAG_DontActivateRagdollFromPlayerRagdollImpact	
309	CPED_CONFIG_FLAG_DisableQuadrupedSpring	
310	CPED_CONFIG_FLAG_IsInCluster	
311	CPED_CONFIG_FLAG_ShoutToGroupOnPlayerMelee	
312	CPED_CONFIG_FLAG_IgnoredByAutoOpenDoors	
313	CPED_CONFIG_FLAG_PreferInjuredGetup	
314	CPED_CONFIG_FLAG_ForceIgnoreMeleeActiveCombatant	
315	CPED_CONFIG_FLAG_CheckLoSForSoundEvents	
316	CPED_CONFIG_FLAG_JackedAbandonedCar	
317	CPED_CONFIG_FLAG_CanSayFollowedByPlayerAudio	
318	CPED_CONFIG_FLAG_ActivateRagdollFromMinorPlayerContact	
319	CPED_CONFIG_FLAG_HasPortablePickupAttached	
320	CPED_CONFIG_FLAG_ForcePoseCharacterCloth	
321	CPED_CONFIG_FLAG_HasClothCollisionBounds	
322	CPED_CONFIG_FLAG_HasHighHeels	
323	CPED_CONFIG_FLAG_TreatAsAmbientPedForDriverLockOn	
324	CPED_CONFIG_FLAG_DontBehaveLikeLaw	
325	CPED_CONFIG_FLAG_SpawnedAtScenario	
326	CPED_CONFIG_FLAG_DisablePoliceInvestigatingBody	
327	CPED_CONFIG_FLAG_DisableWritheShootFromGround	
328	CPED_CONFIG_FLAG_LowerPriorityOfWarpSeats	
329	CPED_CONFIG_FLAG_DisableTalkTo	
330	CPED_CONFIG_FLAG_DontBlip	
331	CPED_CONFIG_FLAG_IsSwitchingWeapon	
332	CPED_CONFIG_FLAG_IgnoreLegIkRestrictions	
333	CPED_CONFIG_FLAG_ScriptForceNoTimesliceIntelligenceUpdate	
334	CPED_CONFIG_FLAG_JackedOutOfMyVehicle	
335	CPED_CONFIG_FLAG_WentIntoCombatAfterBeingJacked	
336	CPED_CONFIG_FLAG_DontActivateRagdollForVehicleGrab	
337	CPED_CONFIG_FLAG_ForcePackageCharacterCloth	
338	CPED_CONFIG_FLAG_DontRemoveWithValidOrder	
339	CPED_CONFIG_FLAG_AllowTaskDoNothingTimeslicing	
340	CPED_CONFIG_FLAG_ForcedToStayInCoverDueToPlayerSwitch	
341	CPED_CONFIG_FLAG_ForceProneCharacterCloth	
342	CPED_CONFIG_FLAG_NotAllowedToJackAnyPlayers	
343	CPED_CONFIG_FLAG_InToStrafeTransition	
344	CPED_CONFIG_FLAG_KilledByStandardMelee	
345	CPED_CONFIG_FLAG_AlwaysLeaveTrainUponArrival	
346	CPED_CONFIG_FLAG_ForcePlayDirectedNormalScenarioExitOnNextScriptCommand	
347	CPED_CONFIG_FLAG_OnlyWritheFromWeaponDamage	
348	CPED_CONFIG_FLAG_UseSloMoBloodVfx	
349	CPED_CONFIG_FLAG_EquipJetpack	
350	CPED_CONFIG_FLAG_PreventDraggedOutOfCarThreatResponse	
351	CPED_CONFIG_FLAG_ScriptHasCompletelyDisabledCollision	
352	CPED_CONFIG_FLAG_NeverDoScenarioNavChecks	
353	CPED_CONFIG_FLAG_ForceSynchronousScenarioExitChecking	
354	CPED_CONFIG_FLAG_ThrowingGrenadeWhileAiming	
355	CPED_CONFIG_FLAG_HeadbobToRadioEnabled	
356	CPED_CONFIG_FLAG_ForceDeepSurfaceCheck	
357	CPED_CONFIG_FLAG_DisableDeepSurfaceAnims	
358	CPED_CONFIG_FLAG_DontBlipNotSynced	
359	CPED_CONFIG_FLAG_IsDuckingInVehicle	
360	CPED_CONFIG_FLAG_PreventAutoShuffleToTurretSeat	
361	CPED_CONFIG_FLAG_DisableEventInteriorStatusCheck	
362	CPED_CONFIG_FLAG_HasReserveParachute	
363	CPED_CONFIG_FLAG_UseReserveParachute	
364	CPED_CONFIG_FLAG_TreatDislikeAsHateWhenInCombat	
365	CPED_CONFIG_FLAG_OnlyUpdateTargetWantedIfSeen	
366	CPED_CONFIG_FLAG_AllowAutoShuffleToDriversSeat	
367	CPED_CONFIG_FLAG_DontActivateRagdollFromSmokeGrenade	
368	CPED_CONFIG_FLAG_LinkMBRToOwnerOnChain	
369	CPED_CONFIG_FLAG_AmbientFriendBumpedByPlayer	
370	CPED_CONFIG_FLAG_AmbientFriendBumpedByPlayerVehicle	
371	CPED_CONFIG_FLAG_InFPSUnholsterTransition	
372	CPED_CONFIG_FLAG_PreventReactingToSilencedCloneBullets	
373	CPED_CONFIG_FLAG_DisableInjuredCryForHelpEvents	
374	CPED_CONFIG_FLAG_NeverLeaveTrain	
375	CPED_CONFIG_FLAG_DontDropJetpackOnDeath	
376	CPED_CONFIG_FLAG_UseFPSUnholsterTransitionDuringCombatRoll	
377	CPED_CONFIG_FLAG_ExitingFPSCombatRoll	
378	CPED_CONFIG_FLAG_ScriptHasControlOfPlayer	
379	CPED_CONFIG_FLAG_PlayFPSIdleFidgetsForProjectile	
380	CPED_CONFIG_FLAG_DisableAutoEquipHelmetsInBikes	
381	CPED_CONFIG_FLAG_DisableAutoEquipHelmetsInAircraft	
382	CPED_CONFIG_FLAG_WasPlayingFPSGetup	
383	CPED_CONFIG_FLAG_WasPlayingFPSMeleeActionResult	
384	CPED_CONFIG_FLAG_PreferNoPriorityRemoval	
385	CPED_CONFIG_FLAG_FPSFidgetsAbortedOnFire	
386	CPED_CONFIG_FLAG_ForceFPSIKWithUpperBodyAnim	
387	CPED_CONFIG_FLAG_SwitchingCharactersInFirstPerson	
388	CPED_CONFIG_FLAG_IsClimbingLadder	
389	CPED_CONFIG_FLAG_HasBareFeet	
390	CPED_CONFIG_FLAG_UNUSED_REPLACE_ME_2	
391	CPED_CONFIG_FLAG_GoOnWithoutVehicleIfItIsUnableToGetBackToRoad	
392	CPED_CONFIG_FLAG_BlockDroppingHealthSnacksOnDeath	
393	CPED_CONFIG_FLAG_ResetLastVehicleOnVehicleExit	
394	CPED_CONFIG_FLAG_ForceThreatResponseToNonFriendToFriendMeleeActions	
395	CPED_CONFIG_FLAG_DontRespondToRandomPedsDamage	
396	CPED_CONFIG_FLAG_AllowContinuousThreatResponseWantedLevelUpdates	
397	CPED_CONFIG_FLAG_KeepTargetLossResponseOnCleanup	
398	CPED_CONFIG_FLAG_PlayersDontDragMeOutOfCar	
399	CPED_CONFIG_FLAG_BroadcastRepondedToThreatWhenGoingToPointShooting	
400	CPED_CONFIG_FLAG_IgnorePedTypeForIsFriendlyWith	
401	CPED_CONFIG_FLAG_TreatNonFriendlyAsHateWhenInCombat	
402	CPED_CONFIG_FLAG_DontLeaveVehicleIfLeaderNotInVehicle	
403	CPED_CONFIG_FLAG_ChangeFromPermanentToAmbientPopTypeOnMigration	
404	CPED_CONFIG_FLAG_AllowMeleeReactionIfMeleeProofIsOn	
405	CPED_CONFIG_FLAG_UsingLowriderLeans	
406	CPED_CONFIG_FLAG_UsingAlternateLowriderLeans	
407	CPED_CONFIG_FLAG_UseNormalExplosionDamageWhenBlownUpInVehicle	
408	CPED_CONFIG_FLAG_DisableHomingMissileLockForVehiclePedInside	
409	CPED_CONFIG_FLAG_DisableTakeOffScubaGear	
410	CPED_CONFIG_FLAG_IgnoreMeleeFistWeaponDamageMult	
411	CPED_CONFIG_FLAG_LawPedsCanFleeFromNonWantedPlayer	
412	CPED_CONFIG_FLAG_ForceBlipSecurityPedsIfPlayerIsWanted	
413	CPED_CONFIG_FLAG_IsHolsteringWeapon	
414	CPED_CONFIG_FLAG_UseGoToPointForScenarioNavigation	
415	CPED_CONFIG_FLAG_DontClearLocalPassengersWantedLevel	
416	CPED_CONFIG_FLAG_BlockAutoSwapOnWeaponPickups	
417	CPED_CONFIG_FLAG_ThisPedIsATargetPriorityForAI	
418	CPED_CONFIG_FLAG_IsSwitchingHelmetVisor	
419	CPED_CONFIG_FLAG_ForceHelmetVisorSwitch	
420	CPED_CONFIG_FLAG_IsPerformingVehicleMelee	
421	CPED_CONFIG_FLAG_UseOverrideFootstepPtFx	
422	CPED_CONFIG_FLAG_DisableVehicleCombat	
423	CPED_CONFIG_FLAG_TreatAsFriendlyForTargetingAndDamage	
424	CPED_CONFIG_FLAG_AllowBikeAlternateAnimations	
425	CPED_CONFIG_FLAG_TreatAsFriendlyForTargetingAndDamageNonSynced	
426	CPED_CONFIG_FLAG_UseLockpickVehicleEntryAnimations	
427	CPED_CONFIG_FLAG_IgnoreInteriorCheckForSprinting	
428	CPED_CONFIG_FLAG_SwatHeliSpawnWithinLastSpottedLocation	
429	CPED_CONFIG_FLAG_DisableStartEngine	
430	CPED_CONFIG_FLAG_IgnoreBeingOnFire	
431	CPED_CONFIG_FLAG_DisableTurretOrRearSeatPreference	
432	CPED_CONFIG_FLAG_DisableWantedHelicopterSpawning	
433	CPED_CONFIG_FLAG_UseTargetPerceptionForCreatingAimedAtEvents	
434	CPED_CONFIG_FLAG_DisableHomingMissileLockon	
435	CPED_CONFIG_FLAG_ForceIgnoreMaxMeleeActiveSupportCombatants	
436	CPED_CONFIG_FLAG_StayInDefensiveAreaWhenInVehicle	
437	CPED_CONFIG_FLAG_DontShoutTargetPosition	
438	CPED_CONFIG_FLAG_DisableHelmetArmor	
439	CPED_CONFIG_FLAG_CreatedByConcealedPlayer	
440	CPED_CONFIG_FLAG_PermanentlyDisablePotentialToBeWalkedIntoResponse	
441	CPED_CONFIG_FLAG_PreventVehExitDueToInvalidWeapon	
442	CPED_CONFIG_FLAG_IgnoreNetSessionFriendlyFireCheckForAllowDamage	
443	CPED_CONFIG_FLAG_DontLeaveCombatIfTargetPlayerIsAttackedByPolice	
444	CPED_CONFIG_FLAG_CheckLockedBeforeWarp	
445	CPED_CONFIG_FLAG_DontShuffleInVehicleToMakeRoom	
446	CPED_CONFIG_FLAG_GiveWeaponOnGetup	
447	CPED_CONFIG_FLAG_DontHitVehicleWithProjectiles	
448	CPED_CONFIG_FLAG_DisableForcedEntryForOpenVehiclesFromTryLockedDoor	
449	CPED_CONFIG_FLAG_FiresDummyRockets	
450	CPED_CONFIG_FLAG_PedIsArresting	
451	CPED_CONFIG_FLAG_IsDecoyPed	
452	CPED_CONFIG_FLAG_HasEstablishedDecoy	
453	CPED_CONFIG_FLAG_BlockDispatchedHelicoptersFromLanding	
454	CPED_CONFIG_FLAG_DontCryForHelpOnStun	
455	CPED_CONFIG_FLAG_HitByTranqWeapon	
456	CPED_CONFIG_FLAG_CanBeIncapacitated	
457	CPED_CONFIG_FLAG_ForcedAimFromArrest	
458	CPED_CONFIG_FLAG_DontChangeTargetFromMelee	
459	_0x4376ABF2	
460	CPED_CONFIG_FLAG_RagdollFloatsIndefinitely	
461	CPED_CONFIG_FLAG_BlockElectricWeaponDamage	
462	_0x262A3B8E	
463	_0x1AA79A25	
